sample_id,temperature_kelvin,log_conductivity,pred_baseline_dnn
412,1223.15,-3.4518641077313896,-3.58393
307,1273.15,-1.3872161432802645,-1.2049452
354,1223.15,-1.105362037333125,-1.1149263
676,1123.15,-1.5829778059812956,-1.5491081
621,1123.15,-2.0132282657337552,-1.8444412
825,973.15,-2.379143750546718,-2.3370109
1341,923.15,-2.623127397353751,-2.979217
797,873.15,-1.9957647752833225,-2.0534506
568,1073.15,-1.295972503679785,-1.5404981
78,1223.15,-1.0409586076789064,-1.0344858
452,773.15,-4.448646307277192,-4.359833
388,823.15,-2.235418621737185,-2.2566972
958,1073.15,-1.7274158508899577,-1.6731062
594,973.15,-1.489842498055717,-1.8843523
671,923.15,-2.5566148197730656,-2.531259
45,1073.15,-1.285670240254767,-1.5132841
351,922.80786,-1.6871862528637365,-1.6430992
117,1073.15,-1.7695510786217261,-1.4566294
276,1673.15,-0.5072396109731625,-0.4978319
422,1273.15,-3.4577461378836394,-3.5030274
80,1223.15,-0.8728952016351923,-0.96323514
51,773.15,-3.8218003008519403,-4.4657373
493,1273.15,-1.1944948233485337,-1.4153141
827,923.15,-2.658277798509813,-2.6389422
576,973.15,-1.5796643035241895,-1.6541709
1130,823.15,-3.0536951363739706,-3.008296
285,1473.15,-1.3565473235138126,-0.75962925
1331,873.15,-3.2191108888216666,-2.9712362
838,1073.15,-1.684496267898296,-1.5690079
923,1023.15,-1.9096713931765776,-1.9312274
617,1073.15,-2.167491087293764,-1.8003026
1004,873.15,-2.7161788340569406,-2.7603421
928,973.15,-2.1731480521793562,-2.1860774
855,823.15,-2.751428284355847,-2.6402454
258,563.15,-6.22,-5.942039
69,1173.15,-1.0362121726544447,-0.93636215
339,1022.92017,-1.3357751346303994,-1.343475
170,673.15,-3.451398768273663,-3.3060484
535,973.15,-1.9925059727101546,-1.8843523
1156,1123.15,-1.6104518984734186,-1.422302
1301,923.15,-2.469230731263728,-2.3442407
53,773.15,-4.125796591080987,-4.4427958
317,1073.15,-1.6989700043360187,-2.7932148
216,1073.15,-1.2806024135761165,-1.2003338
1047,1123.15,-1.3594544583284063,-1.3829736
34,973.15,-1.7166987712964503,-1.2456632
655,1073.15,-1.8336813228091555,-1.9947006
595,923.15,-1.7397015368378876,-2.0236835
475,1273.15,-0.8728060961932289,-0.98691237
906,973.15,-2.373934498224092,-2.3181334
165,673.15,-3.396855627379818,-3.3272371
358,973.15,-1.7646183585041655,-2.1778603
245,1073.15,-1.3467874862246563,-1.2479525
961,1073.15,-1.7216351522623115,-1.6997955
1060,873.15,-2.1450869776921446,-2.2337403
103,1073.15,-1.4559319556497243,-1.4598991
524,973.15,-1.7154085967986825,-1.6353649
764,923.15,-1.6384159198791484,-1.7818826
569,1023.15,-1.4862618750158818,-1.5678829
1350,873.15,-2.2622117724000472,-2.293222
413,1173.15,-3.5057861077681918,-3.6524835
470,1273.15,-1.0206364318514163,-0.9871059
848,823.15,-3.125854597887748,-2.9704242
403,773.15,-2.7655897599047643,-2.8712668
233,1033.15,-1.7212463990471711,-2.207344
212,873.15,-1.9410049064745838,-1.9330487
773,1073.15,-1.2717080542022916,-1.1866398
972,923.15,-2.4098271684036856,-2.4192176
702,873.15,-2.468008643445192,-2.5652852
65,1223.15,-1.1674910872937636,-1.0660827
1099,823.15,-2.5495011197672977,-2.8104959
474,1273.15,-0.8675290767460953,-0.9857736
416,1023.15,-3.707617991294506,-3.8581438
796,923.15,-1.696561610526513,-1.7731233
46,1073.15,-1.2298847052128983,-1.4785162
1077,1023.15,-1.3737568153324093,-1.355873
243,1273.15,-0.8096683018297085,-0.8661963
778,973.15,-1.5911129481192683,-1.5258754
742,1073.15,-1.2621595380957533,-1.2202673
659,923.15,-2.515255926667201,-2.6419396
1227,773.15,-3.4917147543083322,-3.1869502
1259,773.15,-3.321536340499966,-3.3885512
733,923.15,-1.9452896176958738,-2.2199073
299,1273.15,-0.9871627752948278,-1.0907028
570,973.15,-1.714163607380276,-1.7528056
911,1073.15,-1.8363152387597197,-1.8533098
757,1073.15,-1.1418372447876886,-1.1893766
503,823.15,-3.1086725360554226,-3.2451882
735,873.15,-2.248750523146197,-2.6090193
1192,923.15,-2.708612097723079,-2.89777
954,873.15,-2.6346992513620124,-2.7439508
574,1073.15,-1.2063953875356241,-1.3981354
1053,973.15,-1.8692594672360594,-1.7913897
1103,973.15,-2.0821363536059865,-1.8416986
593,1023.15,-1.277664625367108,-1.7781987
1049,973.15,-1.9250080652366481,-2.008827
724,1123.15,-1.1174340291392526,-1.3883438
1158,1023.15,-1.9271316012853792,-1.7300203
290,1273.15,-1.494850021680094,-1.2534254
829,873.15,-2.98245920410282,-2.9606104
600,973.15,-1.716418234593391,-1.7528056
1322,1073.15,-1.764009886687346,-1.5631554
1292,1073.15,-1.538755997762076,-1.683406
1284,873.15,-2.2450112524565853,-2.3508177
910,1073.15,-1.8364022177197348,-1.8313981
783,823.15,-2.468525877892193,-2.5075164
205,773.15,-4.441051554021961,-3.3364816
603,823.15,-2.701734678746789,-2.6163158
195,1273.15,-1.0423067565678044,-1.0081656
602,873.15,-2.141575959575094,-2.1371808
555,1173.15,-0.8704760761292933,-0.8839197
67,1173.15,-1.1023729087095586,-1.0022525
506,973.15,-2.1707266123011686,-2.1871295
1100,1123.15,-1.3679786387243038,-1.2648121
396,773.15,-2.6939528436114015,-2.7884836
743,1073.15,-1.2629845971950786,-1.1893766
1096,973.15,-1.7063240688369048,-1.8550429
670,973.15,-2.3045350570307255,-2.272769
804,1123.15,-1.6835801715222514,-1.7198645
951,923.15,-2.417822962311591,-2.3863516
455,1273.15,-0.6344961897219431,-0.66779715
1115,773.15,-3.1024486185372897,-3.4335399
60,1223.15,-1.0409586076789064,-1.0344858
432,1223.15,-3.629947756929432,-3.5836425
630,923.15,-2.6989700043360187,-2.6642966
262,563.15,-5.68,-6.035374
373,723.15,-2.09649122807017,-3.1535492
25,1123.15,-1.1079053973095196,-0.59426975
976,873.15,-2.713543530253017,-2.777689
746,973.15,-1.6039062028852995,-1.5545346
1211,773.15,-3.260599119289779,-3.131443
632,873.15,-3.0,-2.9225454
889,973.15,-3.127783278985054,-3.1192708
963,1023.15,-1.9437814187276938,-1.918384
472,1273.15,-1.357424598000541,-0.9264983
1041,973.15,-1.8067484124106916,-1.7294234
941,1073.15,-1.7139479222264837,-1.6160754
400,923.15,-1.7252583889895758,-1.7398127
1242,823.15,-2.9755043813295945,-2.842616
246,1173.15,-1.1249387366083,-0.99751896
1179,773.15,-3.8041868795200577,-3.5766854
83,1223.15,-1.6197887582883939,-1.5679554
1170,823.15,-2.8405019674873992,-3.0437346
504,873.15,-2.747675883046099,-2.787097
393,923.15,-1.6295611289416094,-1.676993
521,1023.15,-1.4198760730459201,-1.448289
1219,773.15,-3.2808688852189762,-3.0758924
685,923.15,-2.5336141299919817,-2.3622146
850,773.15,-3.5708266442971226,-3.3315234
830,873.15,-2.9824883943538216,-2.9606104
577,923.15,-1.830184509552943,-1.8216369
664,773.15,-3.5902031461390007,-3.5426192
809,973.15,-2.3017092038397053,-2.3458424
987,1023.15,-1.9859417225756641,-1.9234997
966,1023.15,-1.907114509055744,-1.8925993
1038,773.15,-3.1290134952406845,-3.1826978
186,1123.15,-1.585026652029182,-1.585612
256,563.15,-5.5,-5.7693543
1185,873.15,-3.180829509600478,-3.1520095
894,1123.15,-2.386852191239988,-2.3192544
696,1023.15,-1.6691503979131204,-1.7302608
853,773.15,-3.1564388875514835,-3.0244932
1333,1023.15,-1.8955161457748257,-1.8328512
1218,823.15,-2.808935510232366,-2.7680845
1083,1023.15,-1.4862618750158818,-1.3347648
884,873.15,-3.743606264809329,-3.556254
822,1073.15,-1.9318745360707725,-1.811383
666,1123.15,-1.6781084717302324,-1.6393427
1240,923.15,-2.284843712879824,-2.0528994
859,923.15,-2.128470508684019,-2.4733205
58,1273.15,-0.8181564120552275,-0.9853332
995,973.15,-2.16285365609094,-2.1448584
1308,873.15,-2.6171812377882717,-2.7524896
1009,873.15,-2.420039035278413,-2.3918037
1287,1023.15,-1.601057836474704,-1.6695342
626,923.15,-2.9208187539523753,-2.7047148
1108,1123.15,-1.2718207656801437,-1.2205836
88,1173.15,-1.6020599913279623,-1.7819648
125,1273.15,-1.2365720064370627,-1.1512344
1324,973.15,-2.1862184700863194,-2.2169828
440,823.15,-4.31698643978448,-4.13207
364,873.15,-2.38596484535618,-1.6562632
952,923.15,-2.4092695942073097,-2.3863516
274,1673.15,-0.3142582613977364,-0.4915859
656,1023.15,-2.0260326406228235,-2.2054157
624,1023.15,-2.42021640338319,-2.2593536
386,923.15,-1.6024579165521176,-1.6157241
590,873.15,-2.2750257191582475,-2.2134857
130,1173.15,-0.9625735020593764,-1.3790605
405,1023.15,-1.2937333736528143,-1.3594658
785,773.15,-2.9175194630254504,-3.0022473
532,1073.15,-1.6104889301352872,-1.6720451
647,873.15,-2.695052503260882,-2.7110944
1246,1023.15,-1.810511694124981,-1.6972495
471,1273.15,-1.1342814098229035,-0.9877449
1203,773.15,-4.373589145534801,-3.7120333
185,1123.15,-1.585026652029182,-1.5317525
345,1023.15,-1.1447264599972549,-1.1651329
407,923.15,-1.8240978779046204,-1.796643
331,873.15,-1.769691320733423,-2.182922
1305,1023.15,-1.7487046144900331,-1.788061
874,973.15,-3.1497000008978855,-3.0463324
447,1023.15,-4.031399221014376,-3.8585029
849,773.15,-3.5704721487819295,-3.347546
31,1023.15,-1.3979400086720375,-0.8349353
348,1073.15,-1.0505386612327707,-1.012125
707,773.15,-3.229210496632808,-3.3409343
265,803.15,-4.33,-3.7233567
200,773.15,-2.657577319177794,-3.3231797
33,973.15,-1.8013429130455774,-1.4638118
1148,1123.15,-1.2790905217107138,-1.3002756
235,1023.15,-1.958607314841775,-1.5655128
1073,923.15,-1.8441248921911384,-1.8218312
615,823.15,-2.5019356055688453,-2.6087494
801,773.15,-3.1903398716127294,-2.9883332
865,1073.15,-1.498181185968119,-1.6315461
1079,923.15,-1.830184509552943,-1.821864
312,973.15,-1.958607314841775,-2.2920942
72,1273.15,-0.889410289700751,-0.92833227
556,1073.15,-1.3273820763927817,-1.3133028
932,923.15,-2.400007822415902,-2.345838
1007,973.15,-1.786604024270241,-1.9520106
264,563.15,-7.01,-6.0868874
1351,823.15,-2.7229906762829152,-2.978879
960,1073.15,-1.7159303882899168,-1.6787983
945,1023.15,-1.91228955113937,-1.8866129
338,1073.5591,-1.1504349715368947,-1.1290878
714,973.15,-1.9830765417060228,-1.8880304
834,773.15,-3.776695662576484,-3.7593737
1169,873.15,-2.5036352776550705,-2.557745
641,1023.15,-1.9245325161359188,-2.0188909
278,1473.15,-0.6252516539898961,-0.75052226
50,773.15,-5.276675703442456,-4.322267
1068,923.15,-1.405828520885088,-1.6225024
115,1173.15,-1.4559319556497243,-1.3772916
157,1073.15,-1.2676062401770314,-1.6161907
1153,873.15,-2.48809629433901,-2.365878
852,723.15,-3.54186473556637,-3.5068421
835,1123.15,-1.5129211126320494,-1.325656
794,973.15,-1.4815909628676838,-1.5258754
319,1073.15,-1.6197887582883939,-2.8000202
1024,1073.15,-1.5256041659927293,-1.4077497
457,1273.15,-0.5390608565493433,-0.6473093
293,1273.15,-0.7695510786217261,-1.0907028
269,1273.15,-1.0506099933550872,-1.1102045
982,1073.15,-1.7228493860362033,-1.6907629
986,1023.15,-1.9461535731477473,-1.9234997
218,1173.15,-0.999297012205811,-1.0275677
292,1273.15,-1.1739251972991736,-1.2498314
513,923.15,-2.4301808949969934,-2.4930568
1008,923.15,-2.0733815968109504,-2.2186942
1157,1073.15,-1.7570975461624783,-1.5329665
1276,973.15,-1.8615145221656235,-1.7490548
109,973.15,-2.3010299956639813,-2.440699
1201,873.15,-3.6431469417570153,-3.2793064
1134,1023.15,-1.3166115714056577,-1.2775912
1107,773.15,-3.6135636232359074,-3.261033
1125,1073.15,-1.4746065803037807,-1.3767571
328,673.15,-3.8893588489716184,-3.8302593
1223,973.15,-2.0701539314514292,-1.8559569
467,1273.15,-0.8180114549471714,-0.98518956
203,773.15,-2.5528419686577806,-3.3242278
268,1273.15,-1.1249387366083,-1.103313
973,923.15,-2.3998987443086093,-2.397087
672,923.15,-2.563667230462232,-2.541688
772,1123.15,-1.1636245868247803,-1.0832229
1323,1023.15,-1.967058858980745,-2.3557034
509,1123.15,-1.6149118089258432,-1.6403518
765,873.15,-1.9316441939813944,-2.0502553
56,1273.15,-0.744727494896694,-0.7998675
862,973.15,-1.8832649184525267,-1.8742903
